2020-02-26 10:47:32,2020-01-07 09:27:43
2020-02-16 16:24:57,2020-01-03 12:15:02
2020-03-17 12:17:02,2020-01-09 14:53:12
2020-02-12 15:15:15,2020-01-25 10:30:20
2020-02-13 16:06:13,2020-01-19 09:34:34
2020-02-16 13:47:10,2020-01-20 09:49:58
2020-02-11 14:20:11,2020-01-20 10:13:45
2020-02-20 11:09:41,2020-02-01 15:50:01
2020-02-02 20:20:02,2020-01-12 12:10:33
2020-03-06 13:42:17,2020-01-10 13:00:21
2020-03-02 09:18:21,2020-01-14 09:22:15
2020-02-23 12:25:28,2020-01-30 10:24:21
2020-03-01 14:30:14,2020-01-17 09:40:44
2020-03-07 09:59:59,2020-01-19 10:03:34
2020-02-27 10:39:52,2020-01-23 09:51:12
2020-02-28 12:31:49,2020-01-14 11:27:16
2020-02-18 15:40:50,2020-01-10 09:17:06
2020-03-10 14:12:23,2020-01-13 14:39:38
2020-02-10 12:12:09,2020-02-02 13:47:59
2020-02-19 14:01:34,2020-01-29 10:32:57
